{
    "value0": {
        "T_imu_cam": [
            {
                "px": 0.1,
                "py": 0.35,
                "pz": 1,
                "qx": 0.0,
                "qy": 0.0,
                "qz": 0.0,
                "qw": 1.0
            },
            {
                "px": 0.1,
                "py": -0.35,
                "pz": 1,
                "qx": 0.0,
                "qy": 0.0,
                "qz": 0.0,
                "qw": 1.0
            }
        ],
        "intrinsics": [
            {
                "camera_type": "kb4",
                "intrinsics": {
                    "fx": 505.30526861750457,
                    "fy": 505.30526861750457,
                    "cx": 424.5,
                    "cy": 400.5,
                    "k1": 0.0,
                    "k2": 0.0,
                    "k3": 0.0,
                    "k4": 0.0
                }
            },
            {
                "camera_type": "kb4",
                "intrinsics": {
                    "fx": 505.30526861750457,
                    "fy": 505.30526861750457,
                    "cx": 424.5,
                    "cy": 400.5,
                    "k1": 0.0,
                    "k2": 0.0,
                    "k3": 0.0,
                    "k4": 0.0
                }
            }
        ],
        "resolution": [
            [
                848,
                800
            ],
            [
                848,
                800
            ]
        ],
        "calib_accel_bias": [
            -0.11058755218982697,
            -0.03743303194642067,
            0.07769011706113816,
            0.005218505859375,
            0.0,
            0.0,
            0.011119723320007325,
            0.0,
            0.024125099182128907
        ],
        "calib_gyro_bias": [
            0.0032890979200601579,
            -0.004236833658069372,
            -0.0003943581541534513,
            -0.0027616024017333986,
            0.0,
            0.0,
            0.0,
            -0.0016800165176391602,
            0.0,
            0.0,
            0.0,
            -0.004866540431976318
        ],
        "imu_update_rate": 250.0,
        "accel_noise_std": [
            0.00186,
            0.00186,
            0.00186
        ],
        "gyro_noise_std": [
            0.00018665,
            0.00018665,
            0.00018665
        ],
        "accel_bias_std": [
            0.009999999873689375,
            0.009999999873689375,
            0.009999999873689375
        ],
        "gyro_bias_std": [
            0.0007071067802939111,
            0.0007071067802939111,
            0.0007071067802939111
        ],
        "cam_time_offset_ns": 0,
        "vignette": []
    }
}